Plan Alignment,Plan Alignment,Strategy
Competitors,Competitors,Strategy
Customer Strategy,Customer Strategy,Strategy
Brand Strategy,Brand Strategy,Strategy
Go-to-market Model,Go-to-market Model,Strategy
Resourcing,Resourcing,Strategy
Targets & Metrics,Targets & Metrics,Strategy
Organization,Organization,Systems
Process,Process,Systems
Technology & Media,Technology & Media,Systems
Engaging,Engaging,Programs
Influencing,Influencing,Programs
Optimizing,Optimizing,Programs
Understanding,Understanding,Programs
Attract,Attract,Programs
Digital Experience,Digital Experience,Systems
Revenue People,Revenue People,Systems
Revenue Process,Revenue Process,Systems
Revenue Technology,Revenue Technology,Systems
Market Strategy,Market Strategy,Strategy
Program Design,Program Design,Programs
Acquiring,Acquiring,programs
Market Strategy,Market Strategy,Strategy